-- phpMyAdmin SQL Dump
-- version 5.0.1
-- https://www.phpmyadmin.net/
--
-- Máy chủ: 127.0.0.1
-- Thời gian đã tạo: Th1 25, 2022 lúc 05:16 PM
-- Phiên bản máy phục vụ: 10.4.11-MariaDB
-- Phiên bản PHP: 7.4.3

SET SQL_MODE = "NO_AUTO_VALUE_ON_ZERO";
SET AUTOCOMMIT = 0;
START TRANSACTION;
SET time_zone = "+00:00";


/*!40101 SET @OLD_CHARACTER_SET_CLIENT=@@CHARACTER_SET_CLIENT */;
/*!40101 SET @OLD_CHARACTER_SET_RESULTS=@@CHARACTER_SET_RESULTS */;
/*!40101 SET @OLD_COLLATION_CONNECTION=@@COLLATION_CONNECTION */;
/*!40101 SET NAMES utf8mb4 */;

--
-- Cơ sở dữ liệu: `laravel`
--

-- --------------------------------------------------------

--
-- Cấu trúc bảng cho bảng `article`
--

CREATE TABLE `article` (
  `id` int(11) NOT NULL,
  `category_id` int(11) DEFAULT NULL,
  `name` varchar(255) COLLATE utf8mb4_unicode_ci NOT NULL,
  `content` text COLLATE utf8mb4_unicode_ci DEFAULT NULL,
  `status` varchar(225) COLLATE utf8mb4_unicode_ci DEFAULT NULL,
  `thumb` varchar(255) COLLATE utf8mb4_unicode_ci DEFAULT NULL,
  `created` datetime DEFAULT NULL,
  `created_by` varchar(255) COLLATE utf8mb4_unicode_ci DEFAULT NULL,
  `modified` datetime DEFAULT NULL,
  `modified_by` varchar(255) COLLATE utf8mb4_unicode_ci DEFAULT NULL,
  `publish_at` date DEFAULT NULL,
  `type` varchar(255) COLLATE utf8mb4_unicode_ci DEFAULT NULL
) ENGINE=InnoDB DEFAULT CHARSET=utf8mb4 COLLATE=utf8mb4_unicode_ci ROW_FORMAT=COMPACT;

--
-- Đang đổ dữ liệu cho bảng `article`
--

INSERT INTO `article` (`id`, `category_id`, `name`, `content`, `status`, `thumb`, `created`, `created_by`, `modified`, `modified_by`, `publish_at`, `type`) VALUES
(4, 1, 'Liverpool chỉ được nâng Cup phiên bản nếu vô địch hôm nay', '<p>Đội b&oacute;ng th&agrave;nh phố cảng sẽ kh&ocirc;ng n&acirc;ng Cup nguy&ecirc;n bản nếu vượt mặt Man City ở v&ograve;ng cuối Ngoại hạng Anh.</p>\r\n\r\n<p>Liverpool k&eacute;m Man City một điểm trước khi tiếp Wolverhampton tr&ecirc;n s&acirc;n nh&agrave; Anfield v&agrave;o ng&agrave;y Chủ Nhật. Ở trận đấu c&ugrave;ng giờ, Man City sẽ l&agrave;m kh&aacute;ch tới s&acirc;n Brighton v&agrave; biết một chiến thắng sẽ gi&uacute;p họ bảo vệ th&agrave;nh c&ocirc;ng ng&ocirc;i v&ocirc; địch. Kể từ khi c&aacute;c trận v&ograve;ng cuối Ngoại hạng Anh sẽ chơi đồng loạt c&ugrave;ng l&uacute;c, ban tổ chức phải đặt một chiếc cup phi&ecirc;n bản giống thật tại Anfield ph&ograve;ng trường hợp Liverpool v&ocirc; địch. Chiếc cup giả n&agrave;y thường được d&ugrave;ng trong c&aacute;c sự kiện quảng b&aacute; của Ngoại hạng Anh.&nbsp;</p>', 'active', 'L3Yuzln8II.png', '2019-05-04 00:00:00', 'hailan', '2019-05-17 00:00:00', 'hailan', '2019-04-29', 'feature'),
(5, 1, 'Bottas giành pole chặng thứ ba liên tiếp', '<p>Tay đua Phần Lan đ&aacute;nh bại đồng đội Lewis Hamilton ở v&ograve;ng ph&acirc;n hạng GP T&acirc;y Ban Nha h&ocirc;m 11/5.</p>\r\n\r\n<p>Valtteri Bottas nhanh hơn Hamilton 0,634 gi&acirc;y v&agrave; nhanh hơn người về thứ ba&nbsp;Sebastian Vettel 0,866 gi&acirc;y. Tay đua của Red Bull&nbsp;Max Verstappen nhanh thứ tư, trong khi&nbsp;Charles Leclerc về thứ năm.</p>', 'active', 'iQ1RXPioFZ.jpeg', '2019-05-04 00:00:00', 'hailan', '2019-05-17 00:00:00', 'hailan', '2019-04-28', 'feature'),
(6, 1, 'HLV Cardiff: \'Man Utd sẽ không vô địch trong 10 năm tới\'', '<p>Neil Warnock tỏ ra nghi ngờ về tương lai của Man Utd dưới thời HLV Solskjaer.</p>\r\n\r\n<p>&quot;Một số người nghĩ Man Utd cần từ hai đến ba kỳ chuyển nhượng nữa để gi&agrave;nh danh hiệu&quot;, HLV Neil Warnock chia sẻ. &quot;T&ocirc;i th&igrave; nghĩ c&oacute; thể l&agrave; 10 năm. T&ocirc;i kh&ocirc;ng thấy học&oacute; khả năng bắt kịp hai CLB h&agrave;ng đầu trong khoảng bốn hay năm năm tới&quot;.</p>\r\n\r\n<p>Lần cuối Man Utd v&ocirc; địch l&agrave; m&ugrave;a 2012-2013 dưới thời HLV Sir Alex Ferguson. Kể từ đ&oacute; đến nay, &quot;Quỷ đỏ&quot; kh&ocirc;ng c&ograve;n duy tr&igrave; được vị thế ứng cử vi&ecirc;n v&ocirc; địch h&agrave;ng đầu.&nbsp;</p>', 'active', 'ReChSfB95C.jpeg', '2019-05-04 00:00:00', 'hailan', '2019-05-17 00:00:00', 'hailan', '2019-05-30', 'feature'),
(7, 2, 'Đại học Anh đưa khóa học hạnh phúc vào chương trình giảng dạy', '<p>Kh&oacute;a học diễn ra trong 12 tuần, sinh vi&ecirc;n năm nhất Đại học Bristol sẽ được kh&aacute;m ph&aacute; hạnh ph&uacute;c l&agrave; g&igrave; v&agrave; l&agrave;m thế n&agrave;o để đạt được n&oacute;.</p>\r\n\r\n<p>Đại học Bristol (Anh) quyết định đưa kh&oacute;a học hạnh ph&uacute;c v&agrave;o giảng dạy từ th&aacute;ng 9 năm nay nhằm giảm thiểu t&igrave;nh trạng tự tử ở sinh vi&ecirc;n, sau khi 12 sinh vi&ecirc;n ở một trường kh&aacute;c quy&ecirc;n sinh trong ba năm qua. Gi&aacute;o sư Bruce Hood, nh&agrave; t&acirc;m l&yacute; học chuy&ecirc;n nghi&ecirc;n cứu về c&aacute;ch thức hoạt động của bộ n&atilde;o v&agrave; con người, sẽ giảng dạy m&ocirc;n học mới n&agrave;y.</p>', 'active', 'hoyOyXJrzx.png', '2019-05-04 00:00:00', 'hailan', '2019-05-17 00:00:00', 'hailan', '2019-05-05', 'feature'),
(8, 5, '11 cách đơn giản dạy trẻ quản lý thời gian', '<p>Phụ huynh h&atilde;y tạo cảm gi&aacute;c vui vẻ, hướng dẫn trẻ thiết lập những ưu ti&ecirc;n h&agrave;ng ng&agrave;y để ch&uacute;ng c&oacute; thể tự quản l&yacute; thời gian hiệu quả.</p>\r\n\r\n<p>&quot;Nhanh l&ecirc;n&quot;, &quot;Con c&oacute; biết mấy giờ rồi kh&ocirc;ng&quot;, &quot;Điều g&igrave; l&agrave;m con mất nhiều thời gian như vậy&quot;..., l&agrave; những c&acirc;u n&oacute;i quen thuộc của phụ huynh để nhắc nhở con về kh&aacute;i niệm thời gian. Thay v&igrave; n&oacute;i những c&acirc;u tr&ecirc;n, phụ huynh c&oacute; thể dạy con c&aacute;ch quản l&yacute; giờ giấc ngay từ khi ch&uacute;ng c&ograve;n nhỏ.</p>', 'active', 'Phe2pSOC5Q.jpeg', '2019-05-04 00:00:00', 'hailan', '2019-05-17 00:00:00', 'hailan', '2019-07-30', 'normal'),
(9, 3, 'Vì sao không hút thuốc vẫn bị ung thư phổi?', '<p>D&ugrave; kh&ocirc;ng h&uacute;t thuốc, bạn vẫn c&oacute; nguy cơ ung thư phổi do h&iacute;t phải kh&oacute;i thuốc, tiếp x&uacute;c với kh&iacute; radon hoặc sống trong m&ocirc;i trường &ocirc; nhiễm.&nbsp;</p>\r\n\r\n<p>Người kh&ocirc;ng h&uacute;t thuốc vẫn c&oacute; thể bị ung thư phổi.&nbsp;Tr&ecirc;n&nbsp;<em>Journal of the Royal Society of Medicine</em>,&nbsp;c&aacute;c nh&agrave; khoa học từ&nbsp;Hiệp hội Ung thư Mỹ cho biết 20% bệnh nh&acirc;n ung thư phổi kh&ocirc;ng bao giờ h&uacute;t thuốc.&nbsp;Nghi&ecirc;n cứu 30 năm tr&ecirc;n 1,2 triệu người của tổ chức n&agrave;y cũng chỉ ra số người kh&ocirc;ng h&uacute;t thuốc bị ung thư phổi đang gia tăng. Hầu hết bệnh nh&acirc;n chỉ được chẩn đo&aacute;n khi đ&atilde; bước sang giai đoạn nghi&ecirc;m trọng kh&ocirc;ng thể điều trị.&nbsp;</p>', 'active', 'tPa7bgOesm.png', '2019-05-04 00:00:00', 'hailan', '2019-05-17 00:00:00', 'hailan', '2019-08-30', 'normal'),
(10, 4, '10 hãng hàng không  tốt nhất thế giới năm 2019', '<p>Qatar l&agrave; quốc gia duy nhất tr&ecirc;n thế giới c&oacute; h&atilde;ng h&agrave;ng kh&ocirc;ng v&agrave; s&acirc;n bay tốt nhất năm 2019.</p>\r\n\r\n<p>C&aacute;c s&acirc;n bay được đ&aacute;nh gi&aacute; dựa tr&ecirc;n 3 yếu tố: hiệu suất đ&uacute;ng giờ, chất lượng dịch vụ, thực phẩm v&agrave; lựa chọn mua sắm. Yếu tố đầu ti&ecirc;n chiếm 60% số điểm, hai ti&ecirc;u ch&iacute; c&ograve;n lại chiếm 20%. Dữ liệu của AirHelp được dựa tr&ecirc;n thống k&ecirc; từ nhiều nh&agrave; cung cấp thương mại, c&ugrave;ng cơ sở dữ liệu đ&aacute;nh gi&aacute; ri&ecirc;ng v&agrave; 40.000 khảo s&aacute;t h&agrave;nh kh&aacute;ch được thu thập từ hơn 40 quốc gia trong năm 2018.</p>', 'active', '8GlYE3KYtZ.png', '2019-05-04 00:00:00', 'hailan', '2019-05-17 00:00:00', 'hailan', '2019-09-30', 'normal'),
(11, 5, 'Phát hiện bụt mọc cổ thụ hơn 2.600 tuổi ở Mỹ', '<p>Ph&aacute;t hiện mới gi&uacute;p bụt mọc trở th&agrave;nh một trong những c&acirc;y sinh sản hữu t&iacute;nh gi&agrave; nhất thế giới, vượt xa ước t&iacute;nh trước đ&acirc;y của c&aacute;c chuy&ecirc;n gia.</p>\r\n\r\n<p>C&aacute;c nh&agrave; khoa học ph&aacute;t hiện một c&acirc;y bụt mọc &iacute;t nhất đ&atilde; 2.624 tuổi ở v&ugrave;ng đầm lầy s&ocirc;ng Black, bang Bắc Carolina, Mỹ, theo nghi&ecirc;n cứu đăng tr&ecirc;n tạp ch&iacute;&nbsp;<em>Environmental Research Communications</em>&nbsp;h&ocirc;m 9/5.&nbsp;</p>\r\n\r\n<p>Nh&oacute;m nghi&ecirc;n cứu bắt gặp bụt mọc cổ thụ n&agrave;y trong l&uacute;c nghi&ecirc;n cứu v&ograve;ng tuổi của c&acirc;y để t&igrave;m hiểu về lịch sử kh&iacute; hậu tại miền đ&ocirc;ng nước Mỹ. Ngo&agrave;i thể hiện tuổi thọ, độ rộng v&agrave; m&agrave;u sắc của v&ograve;ng tuổi tr&ecirc;n th&acirc;n c&acirc;y c&ograve;n cho biết mức độ ẩm ướt hay kh&ocirc; hạn của năm tương ứng.</p>', 'active', 'a09zB7BiwV.jpeg', '2019-05-12 00:00:00', 'hailan', '2019-05-17 00:00:00', 'hailan', '2019-05-12', 'normal'),
(12, 6, 'Apple có thể không nâng cấp iOS 13 cho iPhone SE, 6', '<p>Những mẫu iPhone ra mắt từ 2014 v&agrave; iPhone SE c&oacute; thể kh&ocirc;ng được l&ecirc;n đời hệ điều h&agrave;nh iOS 13 ra mắt th&aacute;ng 6 tới.</p>\r\n\r\n<p>Theo&nbsp;<em>Phone Arena</em>, hệ điều h&agrave;nh iOS 13 sắp tr&igrave;nh l&agrave;ng tại hội nghị WWDC 2019 sẽ kh&ocirc;ng hỗ trợ một loạt iPhone đời cũ của Apple. Trong đ&oacute;, đ&aacute;ng ch&uacute; &yacute; l&agrave; c&aacute;c mẫu iPhone vẫn c&ograve;n được nhiều người d&ugrave;ng sử dụng như iPhone 6, 6s Plus hay SE.&nbsp;</p>', 'active', '9jOZGc7BJK.png', '2019-05-12 00:00:00', 'hailan', '2019-05-17 00:00:00', 'hailan', '2019-05-10', 'normal'),
(13, 7, 'Hình dung về Honda Jazz thế hệ mới', '<p>Thế hệ thứ tư của mẫu hatchback Honda tiết chế bớt những đường n&eacute;t g&acirc;n guốc, thể thao để thay bằng n&eacute;t trung t&iacute;nh, hợp mắt người d&ugrave;ng hơn.&nbsp;</p>\r\n\r\n<p>Những h&igrave;nh ảnh đầu ti&ecirc;n về Honda Jazz (Fit tại Nhật Bản) thế hệ mới bắt đầu xuất hiện tr&ecirc;n đường thử. D&ugrave; chưa phải thiết kế ho&agrave;n chỉnh, thay đổi của mẫu hatchback cỡ B cho thấy những đường n&eacute;t trung t&iacute;nh m&agrave; xe sắp sở hữu. Điều n&agrave;y tr&aacute;i ngược với tạo h&igrave;nh g&acirc;n guốc, thể thao ở thế hệ thứ ba hiện tại của Jazz.&nbsp;</p>', 'active', 'g2c7mYXBPW.png', '2019-05-12 00:00:00', 'hailan', '2019-05-17 00:00:00', 'hailan', '2019-05-12', 'normal'),
(14, 1, 'Hà Nội vào vòng knock-out AFC Cup', '<p>ĐKVĐ V-League đ&aacute;nh bại&nbsp;Tampines Rovers 2-0 v&agrave;o chiều 15/5 để đứng đầu bảng F.</p>\r\n\r\n<p>Tiếp đối thủ đến từ Singapore trong t&igrave;nh thế buộc phải thắng để tự quyết v&eacute; đi tiếp, H&agrave; Nội đ&atilde; c&oacute; trận đấu dễ d&agrave;ng. C&oacute; thể n&oacute;i, kết quả của trận đấu được định đoạt trong hiệp một khi Oseni v&agrave; Th&agrave;nh Chung lần lượt ghi b&agrave;n cho đội chủ nh&agrave;. Trong khi đ&oacute;, Tampines Rovers phải trả gi&aacute; cho lối chơi th&ocirc; bạo khi Yasir Hanapi nhận thẻ v&agrave;ng thứ hai rời s&acirc;n. Tiền vệ n&agrave;y bị trừng phạt bởi pha đ&aacute;nh nguội với Th&agrave;nh Chung ở đầu trận, sau đ&oacute; l&agrave; t&igrave;nh huống phạm lỗi &aacute;c &yacute; với Đ&igrave;nh Trọng.</p>', 'active', 'e7YyFZJCc8.jpeg', '2019-05-15 00:00:00', 'hailan', '2019-05-17 00:00:00', 'hailan', '2019-05-10', 'feature'),
(15, 1, 'Man City vẫn dự Champions League mùa 2019-2020', '<p>Việc điều tra vi phạm luật c&ocirc;ng bằng t&agrave;i ch&iacute;nh của chủ s&acirc;n Etihad chưa thể ho&agrave;n th&agrave;nh trong v&ograve;ng một năm tới.</p>\r\n\r\n<p><em>Sports Mail</em>&nbsp;(Anh)&nbsp;cho biết, &aacute;n phạt cấm tham dự Champions League một m&ugrave;a với Man City, do vi phạm luật c&ocirc;ng bằng t&agrave;i ch&iacute;nh (FFP), chỉ được đưa ra sớm nhất v&agrave;o m&ugrave;a 2020-2021.</p>\r\n\r\n<p>Trong bức thư ngỏ gửi tới truyền th&ocirc;ng Anh, Man City viết: &quot;Ch&uacute;ng t&ocirc;i hợp t&aacute;c một c&aacute;ch thiện ch&iacute; với Tiểu ban kiểm so&aacute;t t&agrave;i ch&iacute;nh c&aacute;c CLB của UEFA (CFCB). CLB tin tưởng v&agrave;o sự độc lập v&agrave; cam kết của CFCB h&ocirc;m 7/3, rằng sẽ kh&ocirc;ng kết luận g&igrave; trong thời gian điều tra&quot;.</p>', 'active', 'exzJEG4WDU.jpeg', '2019-05-15 00:00:00', 'hailan', '2019-05-17 00:00:00', 'hailan', '2019-05-10', 'feature'),
(16, 1, 'Những câu đố giúp rèn luyện trí não', '<p>Bạn cần quan s&aacute;t, suy luận logic v&agrave; c&oacute; vốn từ vựng tiếng Anh để giải quyết những c&acirc;u đố dưới đ&acirc;y.</p>\r\n\r\n<p>C&acirc;u 1:&nbsp;Mike đến một buổi phỏng vấn xin việc. Anh đ&atilde; g&acirc;y ấn tượng với gi&aacute;m đốc về những kỹ năng v&agrave; kinh nghiệm của m&igrave;nh. Tuy nhi&ecirc;n, để quyết định c&oacute; nhận Mike hay kh&ocirc;ng, nữ gi&aacute;m đốc đưa ra một c&acirc;u đố h&oacute;c b&uacute;a v&agrave; y&ecirc;u cầu Mike trả lời trong 30 gi&acirc;y.</p>\r\n\r\n<p>Nội dung c&acirc;u đố: H&atilde;y đưa ra 30 từ tiếng Anh kh&ocirc;ng c&oacute; chữ &quot;a&quot; xuất hiện trong đ&oacute;?&nbsp;</p>\r\n\r\n<p>Mike dễ d&agrave;ng giải quyết c&acirc;u đố. Theo bạn anh ấy n&oacute;i những từ tiếng Anh n&agrave;o để kịp trả lời trong 30 gi&acirc;y?</p>', 'active', 'TpcocqUjob.png', '2019-05-15 00:00:00', 'hailan', '2019-05-17 00:00:00', 'hailan', '2019-05-10', 'feature'),
(17, 3, 'Cách nhận biết mật ong nguyên chất và pha trộn', '<p>Mật ong nguy&ecirc;n chất sẽ kh&ocirc;ng thấm qua tờ giấy, lắng xuống đ&aacute;y ly nước v&agrave; bị kiến ăn, kh&aacute;c với mật ong bị pha trộn tạp chất.</p>\r\n\r\n<p>Dược sĩ V&otilde; H&ugrave;ng Mạnh, Trưởng khoa Dược Bệnh viện Y học d&acirc;n tộc cổ truyền B&igrave;nh Định, cho biết thị trường c&oacute; nhiều loại mật ong bị pha trộn, chỉ nh&igrave;n bề ngo&agrave;i hay ngửi m&ugrave;i chưa chắc ph&acirc;n biệt được.</p>\r\n\r\n<p>Theo dược sĩ H&ugrave;ng, một c&aacute;ch ph&acirc;n biệt thật giả l&agrave; lấy cọng h&agrave;nh tươi nh&uacute;ng v&agrave;o lọ mật ong, lấy ra chừng v&agrave;i ph&uacute;t. Cọng l&aacute; h&agrave;nh sẽ chuyển từ m&agrave;u xanh l&aacute; sang sậm nếu mật ong thật. Ngo&agrave;i ra, c&oacute; thể nhỏ giọt mật v&agrave;o nơi c&oacute; kiến, nếu kiến kh&ocirc;ng bu giọt mật th&igrave; cũng l&agrave; mật ong thật.</p>\r\n\r\n<p>Ng&agrave;y nay, nhiều người đặt mật ong v&agrave;o ngăn đ&aacute; tủ lạnh, sau 24 giờ m&agrave; kh&ocirc;ng c&oacute; hiện tượng đ&ocirc;ng đ&aacute; th&igrave; l&agrave; mật thật.</p>', 'active', 'xvEqmF5uyJ.png', '2019-05-15 00:00:00', 'hailan', '2019-05-17 00:00:00', 'hailan', '2019-05-10', 'normal'),
(18, 4, 'Nhiều tour mùa hè giảm giá hàng chục triệu đồng', '<p>C&aacute;c tour trong v&agrave; ngo&agrave;i nước đều được giảm gi&aacute; mạnh để k&iacute;ch cầu du lịch trong dịp h&egrave;, nhiều chương tr&igrave;nh khuyến m&atilde;i l&ecirc;n đến h&agrave;ng chục triệu đồng.</p>\r\n\r\n<p>Sau khi so s&aacute;nh tiền v&eacute; m&aacute;y bay, ph&ograve;ng kh&aacute;ch sạn ở Bali để chuẩn bị cho kỳ nghỉ h&egrave; của gia đ&igrave;nh, anh Sơn (ngụ quận 2, TP HCM) quyết định chuyển sang mua tour trọn g&oacute;i v&igrave; tiết kiệm hơn.</p>', 'active', 'd2ABCeBzoR.jpeg', '2019-05-15 00:00:00', 'hailan', '2019-05-17 00:00:00', 'hailan', '2019-05-15', 'feature'),
(19, 7, 'BMW i8 Roadster - xe mui trần dẫn đường ở Formula E', '<p>Dịp cuối tuần qua, BMW giới thiệu chiếc xe dẫn đường, l&agrave;m nhiệm vụ đảm bảo an to&agrave;n tại giải đua xe Formula E. Giải đua tương tự giải F1, nhưng to&agrave;n bộ xe đua sử dụng động cơ điện.</p>\r\n\r\n<p>i8 Roadster Safety Car dựa tr&ecirc;n chiếc i8 Roadster ti&ecirc;u chuẩn, nhưng c&oacute; những thay đổi để trở th&agrave;nh chiếc xe dẫn đường chuy&ecirc;n dụng. Ngoại h&igrave;nh c&oacute; một số đặc điểm ấn tượng hơn so với nguy&ecirc;n bản. K&iacute;nh chắn gi&oacute; kiểu d&agrave;nh cho xe đua, trọng t&acirc;m hạ thấp 15 mm.</p>', 'active', '9fbeUKTBpU.png', '2019-05-15 00:00:00', 'hailan', '2019-05-17 00:00:00', 'hailan', '2019-05-10', 'normal'),
(20, 3, 'Tia cực tím tại Hà Nội ở mức \'nguy hiểm\'', '<p>Chỉ số tia UV tại H&agrave; Nội ng&agrave;y 18-19/5 l&ecirc;n tới 11, mức được đ&aacute;nh gi&aacute; l&agrave; &quot;nguy hiểm&quot; dễ khiến da, mắt bị bỏng nhiệt.</p>\r\n\r\n<p>H&agrave; Nội đang trải qua đợt nắng n&oacute;ng gay gắt. Theo Trung t&acirc;m Dự b&aacute;o Kh&iacute; tượng Thủy văn Quốc gia, nhiệt độ cao nhất ở H&agrave; Nội ng&agrave;y 18/5 dao động trong khoảng 37 đến 39 độ C, c&oacute; nơi tr&ecirc;n 39 độ.&nbsp;Trang&nbsp;<em>World Weather Online</em>&nbsp;của Anh dự b&aacute;o chỉ số tia cực t&iacute;m tại H&agrave; Nội hai ng&agrave;y 18-19/5 đạt mức 11.&nbsp;</p>', 'active', 'C4DtP4ico8.png', '2019-05-17 00:00:00', 'hailan', '2019-05-17 00:00:00', 'hailan', '2019-05-16', 'normal'),
(21, 2, 'Blockchain và trí tuệ nhân tạo AI làm thay đổi giáo dục trực tuyến', '<p>Blockchain khiến dữ liệu trở n&ecirc;n c&ocirc;ng khai, minh bạch với người học, AI gi&uacute;p cải thiện khả năng tương t&aacute;c v&agrave; giảng dạy với từng c&aacute; nh&acirc;n.</p>\r\n\r\n<p>Sự b&ugrave;ng nổ của Internet v&agrave; những c&ocirc;ng nghệ mới như chuỗi khối (Blockchain) v&agrave; tr&iacute; tuệ nh&acirc;n tạo (AI) đ&atilde; g&oacute;p phần l&agrave;m thay đổi nền gi&aacute;o dục tr&ecirc;n to&agrave;n thế giới, h&igrave;nh th&agrave;nh những nền tảng Online Learning với nhiều ưu thế.</p>\r\n\r\n<p><strong>Mobile Learning dự b&aacute;o l&agrave; &quot;Cuộc c&aacute;ch mạng tiếp theo&quot; của gi&aacute;o dục trực tuyến</strong></p>\r\n\r\n<p>Theo nghi&ecirc;n cứu của Global Market Insights, thị trường gi&aacute;o dục trực tuyến to&agrave;n cầu đang c&oacute; tốc độ ph&aacute;t triển nhanh chưa từng thấy khi nền tảng hạ tầng Internet ng&agrave;y c&agrave;ng ho&agrave;n thiện v&agrave; phủ s&oacute;ng rộng khắp. Gi&aacute; trị c&aacute;c start-up về EdTech (C&ocirc;ng ty c&ocirc;ng nghệ chuy&ecirc;n về gi&aacute;o dục) to&agrave;n cầu được ước t&iacute;nh hơn 190 tỷ USD v&agrave;o năm 2018 v&agrave; dự kiến vượt hơn 300 tỷ USD v&agrave;o năm 2025.</p>', 'active', 'gCPGos7mhY.png', '2019-05-17 00:00:00', 'hailan', '2019-05-17 00:00:00', 'hailan', '2019-05-16', 'feature'),
(22, 6, 'Huawei nói lệnh cấm sẽ khiến Mỹ tụt hậu về 5G', '<p>Huawei khẳng định sắc lệnh mới của Mỹ sẽ chỉ c&agrave;ng khiến qu&aacute; tr&igrave;nh triển khai c&ocirc;ng nghệ 5G ở nước n&agrave;y th&ecirc;m chậm chạp v&agrave; đắt đỏ.</p>\r\n\r\n<p>H&atilde;ng c&ocirc;ng nghệ Trung Quốc tự nhận l&agrave; &quot;người dẫn đầu kh&ocirc;ng ai s&aacute;nh kịp về c&ocirc;ng nghệ 5G&quot;, n&ecirc;n việc bị hạn chế kinh doanh ở Mỹ chỉ dẫn đến kết cục l&agrave; Mỹ sẽ bị &quot;tụt lại ph&iacute;a sau&quot; trong việc triển khai c&ocirc;ng nghệ kết nối di động thế hệ mới</p>', 'active', 'nt1QxhKUXM.jpeg', '2019-05-17 00:00:00', 'hailan', NULL, NULL, '2019-05-16', 'feature'),
(23, 6, 'Asus ra mắt Zenfone 6 với camera lật tự động', '<p>Với thiết kế m&agrave;n h&igrave;nh tr&agrave;n viền ho&agrave;n to&agrave;n kh&ocirc;ng tai thỏ, camera ch&iacute;nh 48 megapixel tr&ecirc;n Zenfone 6 c&oacute; thể lật từ sau ra trước biến th&agrave;nh camera selfie.</p>\r\n\r\n<p>Zenfone 6 l&agrave; một trong những smartphone c&oacute; viền m&agrave;n h&igrave;nh mỏng nhất tr&ecirc;n thị trường với tỷ lệ m&agrave;n h&igrave;nh hiển thị chiếm tới 92% diện t&iacute;ch mặt trước. M&aacute;y c&oacute; m&agrave;n h&igrave;nh 6,4 inch tr&agrave;n viền ra cả bốn cạnh, kh&ocirc;ng tai thỏ như một số mẫu Zenfone trước v&agrave; cũng kh&ocirc;ng d&ugrave;ng thiết kế đục lỗ như Galaxy S10, S10+</p>', 'active', 'aiC6j6fWZY.png', '2019-05-17 00:00:00', 'hailan', NULL, NULL, '2019-05-16', 'normal');

-- --------------------------------------------------------

--
-- Cấu trúc bảng cho bảng `category`
--

CREATE TABLE `category` (
  `id` int(11) NOT NULL,
  `name` varchar(200) CHARACTER SET utf8 NOT NULL,
  `status` text NOT NULL,
  `created` datetime DEFAULT NULL,
  `created_by` varchar(45) DEFAULT NULL,
  `modified` datetime DEFAULT NULL,
  `modified_by` varchar(45) DEFAULT NULL,
  `is_home` tinyint(1) DEFAULT NULL,
  `display` varchar(255) DEFAULT NULL
) ENGINE=MyISAM DEFAULT CHARSET=latin1 ROW_FORMAT=DYNAMIC;

--
-- Đang đổ dữ liệu cho bảng `category`
--

INSERT INTO `category` (`id`, `name`, `status`, `created`, `created_by`, `modified`, `modified_by`, `is_home`, `display`) VALUES
(1, 'Thể thao', 'active', '2019-05-04 00:00:00', 'admin', '2019-05-12 00:00:00', 'hailan', 1, 'list'),
(2, 'Giáo dục', 'active', '2019-05-04 00:00:00', 'admin', '2019-05-12 00:00:00', 'hailan', 1, 'grid'),
(3, 'Sức khỏe', 'active', '2019-05-04 00:00:00', 'admin', '2019-05-15 15:04:33', 'hailan', 0, 'list'),
(4, 'Du lịch', 'active', '2019-05-04 00:00:00', 'admin', '2019-05-15 15:04:30', 'hailan', 0, 'grid'),
(5, 'Khoa học', 'active', '2019-05-04 00:00:00', 'admin', '2019-05-12 00:00:00', 'hailan', 0, 'list'),
(6, 'Số hóa', 'active', '2019-05-04 00:00:00', 'admin', '2019-05-15 15:04:38', 'hailan', 1, 'grid'),
(7, 'Xe - Ô tô', 'active', '2019-05-04 00:00:00', 'admin', '2019-05-15 15:04:36', 'hailan', 1, 'list'),
(8, 'Kinh doanh', 'active', '2019-05-12 00:00:00', 'hailan', NULL, NULL, 0, 'list');

-- --------------------------------------------------------

--
-- Cấu trúc bảng cho bảng `slider`
--

CREATE TABLE `slider` (
  `id` int(11) NOT NULL,
  `name` varchar(255) NOT NULL,
  `description` text DEFAULT NULL,
  `link` varchar(200) NOT NULL,
  `thumb` text DEFAULT NULL,
  `created` datetime DEFAULT NULL,
  `created_by` varchar(255) DEFAULT NULL,
  `modified` datetime DEFAULT NULL,
  `modified_by` varchar(255) DEFAULT NULL,
  `status` text DEFAULT NULL
) ENGINE=InnoDB DEFAULT CHARSET=utf8 ROW_FORMAT=COMPACT;

--
-- Đang đổ dữ liệu cho bảng `slider`
--

INSERT INTO `slider` (`id`, `name`, `description`, `link`, `thumb`, `created`, `created_by`, `modified`, `modified_by`, `status`) VALUES
(1, 'Khóa học lập trình Frontend Master', 'Khóa học sẽ giúp bạn trở thành một chuyên gia Frontend với đầy đủ các kiến thức về HTML, CSS, JavaScript, Bootstrap, jQuery, chuyển PSD thành HTML ...', 'https://zendvn.com/khoa-hoc-lap-trinh-frontend-master/', 'rEpDUQCxe4.jpeg', '2019-04-15 00:00:00', 'hailan', '2019-04-24 13:28:03', 'hailan', 'active'),
(2, 'Học lập trình trực tuyến', 'Học trực tuyến giúp bạn tiết kiệm chi phí, thời gian, cập nhật được nhiều kiến thức mới nhanh nhất và hiệu quả nhất', 'https://zendvn.com/', 'K6B1O6UNCb.jpeg', '2019-04-18 00:00:00', 'hailan', '2019-04-24 13:28:06', 'hailan', 'inactive'),
(3, 'Ưu đãi học phí', 'Tổng hợp các trương trình ưu đãi học phí hàng tuần, hàng tháng đến tất các các bạn với các mức giảm đặc biệt 50%, 70%,..', 'https://zendvn.com/uu-dai-hoc-phi-tai-zendvn/', 'LWi6hINpXz.jpeg', '2019-04-24 00:00:00', 'hailan', '2019-04-24 13:28:09', NULL, 'active');

-- --------------------------------------------------------

--
-- Cấu trúc bảng cho bảng `user`
--

CREATE TABLE `user` (
  `id` int(11) NOT NULL,
  `username` varchar(255) NOT NULL,
  `email` varchar(255) DEFAULT NULL,
  `fullname` varchar(255) DEFAULT NULL,
  `password` varchar(255) DEFAULT NULL,
  `avatar` varchar(255) DEFAULT NULL,
  `level` varchar(10) DEFAULT NULL,
  `created` datetime DEFAULT NULL,
  `created_by` varchar(45) DEFAULT NULL,
  `modified` datetime DEFAULT NULL,
  `modified_by` varchar(45) DEFAULT NULL,
  `status` varchar(10) DEFAULT '0'
) ENGINE=InnoDB DEFAULT CHARSET=utf8 ROW_FORMAT=COMPACT;

--
-- Đang đổ dữ liệu cho bảng `user`
--

INSERT INTO `user` (`id`, `username`, `email`, `fullname`, `password`, `avatar`, `level`, `created`, `created_by`, `modified`, `modified_by`, `status`) VALUES
(1, 'admin', 'admin@gmail.com', 'admin123456', 'e10adc3949ba59abbe56e057f20f883e', '1ctW8mj8vq.png', 'admin', '2014-12-10 08:55:35', 'admin', '2019-05-04 14:47:14', 'hailan', 'active'),
(2, 'hailan', 'hailan@gmail.com', 'hailan', '7c6f3ef49405d8a330aaa19ca0d0f6af', '1eSGmvZ3gM.jpeg', 'member', '2014-12-13 07:20:03', 'admin', '2019-05-04 08:47:04', 'hailan', 'active'),
(3, 'user123', 'test@gmail.com', 'user123', 'e10adc3949ba59abbe56e057f20f883e', 'Hb1QSn1CL8.png', 'member', '2019-05-04 00:00:00', 'admin', '2019-05-04 08:47:07', 'hailan', 'inactive'),
(4, 'user456', 'user456@gmail.com', 'user456', 'e10adc3949ba59abbe56e057f20f883e', 'J1uknUz0T6.png', 'member', '2019-05-04 00:00:00', 'admin', '2019-05-04 08:47:10', 'hailan', 'inactive');

--
-- Chỉ mục cho các bảng đã đổ
--

--
-- Chỉ mục cho bảng `article`
--
ALTER TABLE `article`
  ADD PRIMARY KEY (`id`) USING BTREE;

--
-- Chỉ mục cho bảng `category`
--
ALTER TABLE `category`
  ADD PRIMARY KEY (`id`) USING BTREE;

--
-- Chỉ mục cho bảng `slider`
--
ALTER TABLE `slider`
  ADD PRIMARY KEY (`id`) USING BTREE;

--
-- Chỉ mục cho bảng `user`
--
ALTER TABLE `user`
  ADD PRIMARY KEY (`id`) USING BTREE;

--
-- AUTO_INCREMENT cho các bảng đã đổ
--

--
-- AUTO_INCREMENT cho bảng `article`
--
ALTER TABLE `article`
  MODIFY `id` int(11) NOT NULL AUTO_INCREMENT, AUTO_INCREMENT=24;

--
-- AUTO_INCREMENT cho bảng `category`
--
ALTER TABLE `category`
  MODIFY `id` int(11) NOT NULL AUTO_INCREMENT, AUTO_INCREMENT=9;

--
-- AUTO_INCREMENT cho bảng `slider`
--
ALTER TABLE `slider`
  MODIFY `id` int(11) NOT NULL AUTO_INCREMENT, AUTO_INCREMENT=4;

--
-- AUTO_INCREMENT cho bảng `user`
--
ALTER TABLE `user`
  MODIFY `id` int(11) NOT NULL AUTO_INCREMENT, AUTO_INCREMENT=5;
COMMIT;

/*!40101 SET CHARACTER_SET_CLIENT=@OLD_CHARACTER_SET_CLIENT */;
/*!40101 SET CHARACTER_SET_RESULTS=@OLD_CHARACTER_SET_RESULTS */;
/*!40101 SET COLLATION_CONNECTION=@OLD_COLLATION_CONNECTION */;
